Reservation ID, Item ID, User ID, Quantity, Down Payment, Status, Reserved By
1,8,6,4,100.00,Fulfilled,testuser
2,6,6,1,100.00,Fulfilled,testuser
3,7,6,1,100.00,Fulfilled,testuser
4,4,6,5,100.00,Fulfilled,testuser
5,8,6,3,100.00,Fulfilled,testuser
6,6,6,5,100.00,Fulfilled,testuser
7,5,6,1,100.00,Fulfilled,testuser
8,3,6,1,100.00,Fulfilled,testuser
9,2,6,3,100.00,Fulfilled,testuser
10,4,6,6,100.00,Fulfilled,testuser
11,4,6,3,100.00,Fulfilled,testuser
12,4,6,4,100.00,Fulfilled,testuser
13,1,8,3,100.00,Fulfilled,123
14,5,8,1,100.00,Fulfilled,123
15,5,6,5,100.00,Fulfilled,testuser
16,5,6,5,100.00,Fulfilled,testuser
17,5,6,3,100.00,Fulfilled,testuser
18,4,6,5,100.00,Fulfilled,testuser
19,1,6,5,100.00,Fulfilled,testuser
20,4,6,4,100.00,Fulfilled,testuser
21,5,6,1,100.00,Fulfilled,testuser
22,5,6,3,100.00,Fulfilled,testuser
23,1,6,4,100.00,Fulfilled,testuser
24,1,6,5,100.00,Fulfilled,testuser
25,5,6,3,20.00,Fulfilled,testuser
26,8,6,3,20.00,Cancelled,testuser
27,4,6,3,20.00,Pending,testuser
